-- ════════════════════════════════════════════════════════════════════
--  TDLF-Educ · Built-in example content (10 subjects, 20 books, 100 quizzes)
--  Safe to re-run: it replaces only the seeded subjects' content.
--  Run AFTER schema.sql.  Paste into Supabase SQL Editor and Run.
-- ════════════════════════════════════════════════════════════════════

alter table public.quizzes add column if not exists options jsonb;

delete from public.quizzes where course_id in ('subj-math','subj-sci','subj-eng','subj-ict','subj-hist','subj-geo','subj-fil','subj-values','subj-pe','subj-arts');
delete from public.books   where course_id in ('subj-math','subj-sci','subj-eng','subj-ict','subj-hist','subj-geo','subj-fil','subj-values','subj-pe','subj-arts');

insert into public.courses (id, title) values
  ('subj-math', 'Mathematics'),
  ('subj-sci', 'Science'),
  ('subj-eng', 'English'),
  ('subj-ict', 'ICT / Computer'),
  ('subj-hist', 'History'),
  ('subj-geo', 'Geography'),
  ('subj-fil', 'Filipino'),
  ('subj-values', 'Values Education'),
  ('subj-pe', 'PE & Health'),
  ('subj-arts', 'Arts')
on conflict (id) do update set title = excluded.title;

insert into public.books (book_name, link, book_picture, course_id) values
  ('Elements of Geometry & Plane Trigonometry', 'https://archive.org/download/elementsgeometr02loomgoog/elementsgeometr02loomgoog.pdf', 'https://archive.org/services/img/elementsgeometr02loomgoog', 'subj-math'),
  ('A Course of Pure Mathematics', 'https://archive.org/download/coursepuremath00hardrich/coursepuremath00hardrich_bw.pdf', 'https://archive.org/services/img/coursepuremath00hardrich', 'subj-math'),
  ('A First Course in Physics', 'https://archive.org/download/AFirstCourseInPhysics/AFirstCourseInPhysics.pdf', 'https://archive.org/services/img/AFirstCourseInPhysics', 'subj-sci'),
  ('A Text-book of Inorganic Chemistry', 'https://archive.org/download/atextbookinorga03newtgoog/atextbookinorga03newtgoog.pdf', 'https://archive.org/services/img/atextbookinorga03newtgoog', 'subj-sci'),
  ('Manual of English Grammar and Composition', 'https://archive.org/download/manualofenglishg00nesfuoft/manualofenglishg00nesfuoft_bw.pdf', 'https://archive.org/services/img/manualofenglishg00nesfuoft', 'subj-eng'),
  ('Composition and Rhetoric', 'https://archive.org/download/compositionrheto00hitcuoft/compositionrheto00hitcuoft.pdf', 'https://archive.org/services/img/compositionrheto00hitcuoft', 'subj-eng'),
  ('An Investigation of the Laws of Thought (Boole)', 'https://archive.org/download/investigationofl00boolrich/investigationofl00boolrich_bw.pdf', 'https://archive.org/services/img/investigationofl00boolrich', 'subj-ict'),
  ('Principia Mathematica', 'https://archive.org/download/cu31924001575244/cu31924001575244.pdf', 'https://archive.org/services/img/cu31924001575244', 'subj-ict'),
  ('The Outline of History (H. G. Wells)', 'https://archive.org/download/cu31924028328759/cu31924028328759.pdf', 'https://archive.org/services/img/cu31924028328759', 'subj-hist'),
  ('The Story of Mankind', 'https://archive.org/download/storyofmankind00vanl/storyofmankind00vanl.pdf', 'https://archive.org/services/img/storyofmankind00vanl', 'subj-hist'),
  ('Physical Geography (Geikie)', 'https://archive.org/download/physicalgeograph00geik_0/physicalgeograph00geik_0.pdf', 'https://archive.org/services/img/physicalgeograph00geik_0', 'subj-geo'),
  ('Maritime Geography and Statistics', 'https://archive.org/download/maritimegeograp01tuckgoog/maritimegeograp01tuckgoog.pdf', 'https://archive.org/services/img/maritimegeograp01tuckgoog', 'subj-geo'),
  ('Ang Filibusterismo (Jose Rizal)', 'https://archive.org/download/angfilibusterism00riza/angfilibusterism00riza.pdf', 'https://archive.org/services/img/angfilibusterism00riza', 'subj-fil'),
  ('Noli Me Tangere (Jose Rizal)', 'https://archive.org/download/nolimetngereelp00rizagoog/nolimetngereelp00rizagoog.pdf', 'https://archive.org/services/img/nolimetngereelp00rizagoog', 'subj-fil'),
  ('The Nicomachean Ethics of Aristotle', 'https://archive.org/download/petersethics00arisrich/petersethics00arisrich_bw.pdf', 'https://archive.org/services/img/petersethics00arisrich', 'subj-values'),
  ('The Republic of Plato', 'https://archive.org/download/a604578400platuoft/a604578400platuoft.pdf', 'https://archive.org/services/img/a604578400platuoft', 'subj-values'),
  ('Physical Culture: First Book of Exercises', 'https://archive.org/download/physicalcul91west00houg/physicalcul91west00houg_bw.pdf', 'https://archive.org/services/img/physicalcul91west00houg', 'subj-pe'),
  ('Gymnastics for Youth', 'https://archive.org/download/gymnasticsforyou00gutsuoft/gymnasticsforyou00gutsuoft_bw.pdf', 'https://archive.org/services/img/gymnasticsforyou00gutsuoft', 'subj-pe'),
  ('Outlines of the History of Painting', 'https://archive.org/download/outlinesofhistor00machuoft/outlinesofhistor00machuoft.pdf', 'https://archive.org/services/img/outlinesofhistor00machuoft', 'subj-arts'),
  ('A Text-book of the History of Painting', 'https://archive.org/download/cu31924015249968/cu31924015249968.pdf', 'https://archive.org/services/img/cu31924015249968', 'subj-arts');

insert into public.quizzes (question, quiz_type, correct_answer, reason, course_id, options) values
  ('What is the value of pi to two decimal places?', 'multiple_choice', '3.14', 'Pi is approximately 3.14159.', 'subj-math', '["3.14", "3.41", "2.14", "3.16"]'::jsonb),
  ('What is 15% of 200?', 'multiple_choice', '30', '0.15 x 200 = 30.', 'subj-math', '["15", "30", "45", "20"]'::jsonb),
  ('Which of these numbers is prime?', 'multiple_choice', '29', '29 has no divisors other than 1 and itself.', 'subj-math', '["21", "27", "29", "33"]'::jsonb),
  ('The sum of the interior angles of a triangle is 180 degrees.', 'true_false', 'True', '', 'subj-math', '[]'::jsonb),
  ('A square has four equal sides.', 'true_false', 'True', '', 'subj-math', '[]'::jsonb),
  ('Zero is a positive number.', 'true_false', 'False', 'Zero is neither positive nor negative.', 'subj-math', '[]'::jsonb),
  ('The perimeter of a square with a side of 5 units is ____.', 'fill_blank', '20', '4 x 5 = 20.', 'subj-math', '[]'::jsonb),
  ('In the equation 2x = 10, x equals ____.', 'fill_blank', '5', '', 'subj-math', '[]'::jsonb),
  ('List the first four prime numbers.', 'enumeration', '2, 3, 5, 7', '', 'subj-math', '[]'::jsonb),
  ('Name the three types of triangles classified by their sides.', 'enumeration', 'equilateral, isosceles, scalene', '', 'subj-math', '[]'::jsonb),
  ('What is the chemical symbol for water?', 'multiple_choice', 'H2O', '', 'subj-sci', '["CO2", "H2O", "O2", "NaCl"]'::jsonb),
  ('Which planet is known as the Red Planet?', 'multiple_choice', 'Mars', '', 'subj-sci', '["Venus", "Mars", "Jupiter", "Saturn"]'::jsonb),
  ('Which gas do plants absorb from the air for photosynthesis?', 'multiple_choice', 'Carbon dioxide', '', 'subj-sci', '["Oxygen", "Nitrogen", "Carbon dioxide", "Hydrogen"]'::jsonb),
  ('The Earth revolves around the Sun.', 'true_false', 'True', '', 'subj-sci', '[]'::jsonb),
  ('Sound travels faster than light.', 'true_false', 'False', 'Light is far faster than sound.', 'subj-sci', '[]'::jsonb),
  ('At sea level, water boils at 100 degrees Celsius.', 'true_false', 'True', '', 'subj-sci', '[]'::jsonb),
  ('The powerhouse of the cell is the ____.', 'fill_blank', 'mitochondria', '', 'subj-sci', '[]'::jsonb),
  ('The process by which plants make food using sunlight is called ____.', 'fill_blank', 'photosynthesis', '', 'subj-sci', '[]'::jsonb),
  ('List the three states of matter.', 'enumeration', 'solid, liquid, gas', '', 'subj-sci', '[]'::jsonb),
  ('List the first three planets from the Sun.', 'enumeration', 'Mercury, Venus, Earth', '', 'subj-sci', '[]'::jsonb),
  ('Which word is a noun?', 'multiple_choice', 'dog', 'A noun names a person, place, or thing.', 'subj-eng', '["run", "happy", "dog", "quickly"]'::jsonb),
  ('What is the past tense of "go"?', 'multiple_choice', 'went', '', 'subj-eng', '["goed", "went", "gone", "going"]'::jsonb),
  ('Which sentence is grammatically correct?', 'multiple_choice', 'She doesn''t like it.', '', 'subj-eng', '["She don''t like it.", "She doesn''t like it.", "She not like it.", "She no like it."]'::jsonb),
  ('A verb is an action word.', 'true_false', 'True', '', 'subj-eng', '[]'::jsonb),
  ('"Their", "there", and "they''re" all mean the same thing.', 'true_false', 'False', 'They are homophones with different meanings.', 'subj-eng', '[]'::jsonb),
  ('An adjective describes a noun.', 'true_false', 'True', '', 'subj-eng', '[]'::jsonb),
  ('The plural form of "child" is ____.', 'fill_blank', 'children', '', 'subj-eng', '[]'::jsonb),
  ('A sentence that asks something ends with a ____ mark.', 'fill_blank', 'question', '', 'subj-eng', '[]'::jsonb),
  ('List the four basic types of sentences.', 'enumeration', 'declarative, interrogative, imperative, exclamatory', '', 'subj-eng', '[]'::jsonb),
  ('List the three articles in English.', 'enumeration', 'a, an, the', '', 'subj-eng', '[]'::jsonb),
  ('What does "CPU" stand for?', 'multiple_choice', 'Central Processing Unit', '', 'subj-ict', '["Central Processing Unit", "Computer Personal Unit", "Central Print Unit", "Control Process Unit"]'::jsonb),
  ('Which of these is an input device?', 'multiple_choice', 'Keyboard', '', 'subj-ict', '["Monitor", "Printer", "Keyboard", "Speaker"]'::jsonb),
  ('What does "WWW" stand for?', 'multiple_choice', 'World Wide Web', '', 'subj-ict', '["World Wide Web", "World Web Wide", "Wide World Web", "Web World Wide"]'::jsonb),
  ('RAM stands for Random Access Memory.', 'true_false', 'True', '', 'subj-ict', '[]'::jsonb),
  ('A mouse is an output device.', 'true_false', 'False', 'A mouse is an input device.', 'subj-ict', '[]'::jsonb),
  ('Software is the physical part of a computer.', 'true_false', 'False', 'Hardware is physical; software is the programs.', 'subj-ict', '[]'::jsonb),
  ('The "brain" of the computer is the ____.', 'fill_blank', 'CPU', '', 'subj-ict', '[]'::jsonb),
  ('The temporary memory that loses its data when the computer is turned off is the ____.', 'fill_blank', 'RAM', '', 'subj-ict', '[]'::jsonb),
  ('List the four steps of the basic computer cycle (IPOS).', 'enumeration', 'input, process, output, storage', '', 'subj-ict', '[]'::jsonb),
  ('Name the three primary colors of light (RGB).', 'enumeration', 'red, green, blue', '', 'subj-ict', '[]'::jsonb),
  ('Who is recognized as the national hero of the Philippines?', 'multiple_choice', 'Jose Rizal', '', 'subj-hist', '["Andres Bonifacio", "Jose Rizal", "Emilio Aguinaldo", "Lapu-Lapu"]'::jsonb),
  ('In what year was Philippine independence from Spain declared?', 'multiple_choice', '1898', 'Declared on June 12, 1898.', 'subj-hist', '["1898", "1946", "1521", "1872"]'::jsonb),
  ('Who was the first President of the United States?', 'multiple_choice', 'George Washington', '', 'subj-hist', '["Abraham Lincoln", "George Washington", "Thomas Jefferson", "John Adams"]'::jsonb),
  ('World War II ended in 1945.', 'true_false', 'True', '', 'subj-hist', '[]'::jsonb),
  ('Ferdinand Magellan reached the Philippines in 1521.', 'true_false', 'True', '', 'subj-hist', '[]'::jsonb),
  ('Japan colonized the Philippines for more than 300 years.', 'true_false', 'False', 'Spain ruled ~333 years; Japan only ~3 years.', 'subj-hist', '[]'::jsonb),
  ('Philippine independence was proclaimed in the town of ____, Cavite.', 'fill_blank', 'Kawit', '', 'subj-hist', '[]'::jsonb),
  ('The ancient Egyptians wrote using picture symbols called ____.', 'fill_blank', 'hieroglyphics', '', 'subj-hist', '[]'::jsonb),
  ('List the three main colonizers of the Philippines.', 'enumeration', 'Spain, United States, Japan', '', 'subj-hist', '[]'::jsonb),
  ('Name the two novels written by Jose Rizal.', 'enumeration', 'Noli Me Tangere, El Filibusterismo', '', 'subj-hist', '[]'::jsonb),
  ('Which is the largest continent by land area?', 'multiple_choice', 'Asia', '', 'subj-geo', '["Africa", "Asia", "Europe", "Antarctica"]'::jsonb),
  ('Which river is generally considered the longest in the world?', 'multiple_choice', 'Nile', '', 'subj-geo', '["Amazon", "Nile", "Yangtze", "Mississippi"]'::jsonb),
  ('The imaginary line dividing Earth into Northern and Southern hemispheres is the ____.', 'multiple_choice', 'Equator', '', 'subj-geo', '["Prime Meridian", "Equator", "Tropic of Cancer", "Axis"]'::jsonb),
  ('Mount Everest is the highest mountain above sea level.', 'true_false', 'True', '', 'subj-geo', '[]'::jsonb),
  ('The Pacific Ocean is the largest ocean.', 'true_false', 'True', '', 'subj-geo', '[]'::jsonb),
  ('A peninsula is surrounded by water on all sides.', 'true_false', 'False', 'That describes an island; a peninsula is surrounded on three sides.', 'subj-geo', '[]'::jsonb),
  ('The capital city of the Philippines is ____.', 'fill_blank', 'Manila', '', 'subj-geo', '[]'::jsonb),
  ('The imaginary line at 0 degrees longitude is called the ____ Meridian.', 'fill_blank', 'Prime', '', 'subj-geo', '[]'::jsonb),
  ('List the four cardinal directions.', 'enumeration', 'north, south, east, west', '', 'subj-geo', '[]'::jsonb),
  ('Name the three major island groups of the Philippines.', 'enumeration', 'Luzon, Visayas, Mindanao', '', 'subj-geo', '[]'::jsonb),
  ('Sino ang pambansang bayani ng Pilipinas?', 'multiple_choice', 'Jose Rizal', '', 'subj-fil', '["Andres Bonifacio", "Jose Rizal", "Emilio Aguinaldo", "Apolinario Mabini"]'::jsonb),
  ('Ano ang pambansang wika ng Pilipinas?', 'multiple_choice', 'Filipino', '', 'subj-fil', '["Ingles", "Filipino", "Espanyol", "Bisaya"]'::jsonb),
  ('Ilang patinig (vowels) ang mayroon sa alpabetong Filipino?', 'multiple_choice', '5', 'a, e, i, o, u', 'subj-fil', '["3", "5", "7", "8"]'::jsonb),
  ('Ang "Lupang Hinirang" ang pambansang awit ng Pilipinas.', 'true_false', 'True', '', 'subj-fil', '[]'::jsonb),
  ('Ang salitang "aklat" ay nangangahulugang "book" sa Ingles.', 'true_false', 'True', '', 'subj-fil', '[]'::jsonb),
  ('Ang "Noli Me Tangere" ay isinulat ni Andres Bonifacio.', 'true_false', 'False', 'Isinulat ito ni Jose Rizal.', 'subj-fil', '[]'::jsonb),
  ('Ang pambansang bulaklak ng Pilipinas ay ang ____.', 'fill_blank', 'sampaguita', '', 'subj-fil', '[]'::jsonb),
  ('Ang may-akda ng "Noli Me Tangere" ay si Jose ____.', 'fill_blank', 'Rizal', '', 'subj-fil', '[]'::jsonb),
  ('Ibigay ang tatlong pangunahing pangkat ng mga isla sa Pilipinas.', 'enumeration', 'Luzon, Visayas, Mindanao', '', 'subj-fil', '[]'::jsonb),
  ('Ibigay ang dalawang nobela na isinulat ni Jose Rizal.', 'enumeration', 'Noli Me Tangere, El Filibusterismo', '', 'subj-fil', '[]'::jsonb),
  ('Treating others the way you want to be treated is known as the ____.', 'multiple_choice', 'Golden Rule', '', 'subj-values', '["Golden Rule", "Silver Rule", "Iron Rule", "Bronze Rule"]'::jsonb),
  ('Which of these shows good character?', 'multiple_choice', 'Honesty', '', 'subj-values', '["Lying", "Honesty", "Cheating", "Stealing"]'::jsonb),
  ('Respecting your elders is an example of a ____.', 'multiple_choice', 'Value', '', 'subj-values', '["Bad habit", "Value", "Crime", "Weakness"]'::jsonb),
  ('Honesty means telling the truth.', 'true_false', 'True', '', 'subj-values', '[]'::jsonb),
  ('It is right to bully people who are weaker than you.', 'true_false', 'False', '', 'subj-values', '[]'::jsonb),
  ('Helping others in need is an act of kindness.', 'true_false', 'True', '', 'subj-values', '[]'::jsonb),
  ('Being thankful for what you have is a value called ____.', 'fill_blank', 'gratitude', '', 'subj-values', '[]'::jsonb),
  ('Giving everyone what they fairly deserve is the value of ____.', 'fill_blank', 'justice', '', 'subj-values', '[]'::jsonb),
  ('Give the two Filipino words used to show respect to elders.', 'enumeration', 'po, opo', '', 'subj-values', '[]'::jsonb),
  ('Give the two "magic words" we use to be polite.', 'enumeration', 'please, thank you', '', 'subj-values', '[]'::jsonb),
  ('How many bones are there in the adult human body?', 'multiple_choice', '206', '', 'subj-pe', '["106", "206", "306", "150"]'::jsonb),
  ('Which food group is the main source of energy?', 'multiple_choice', 'Carbohydrates', '', 'subj-pe', '["Fruits", "Carbohydrates", "Vitamins", "Water"]'::jsonb),
  ('Which sport uses a shuttlecock?', 'multiple_choice', 'Badminton', '', 'subj-pe', '["Tennis", "Badminton", "Basketball", "Volleyball"]'::jsonb),
  ('Drinking enough water is important for good health.', 'true_false', 'True', '', 'subj-pe', '[]'::jsonb),
  ('Warming up before exercise helps prevent injury.', 'true_false', 'True', '', 'subj-pe', '[]'::jsonb),
  ('Eating only junk food is good for your health.', 'true_false', 'False', '', 'subj-pe', '[]'::jsonb),
  ('The organ that pumps blood throughout the body is the ____.', 'fill_blank', 'heart', '', 'subj-pe', '[]'::jsonb),
  ('Regular brushing of teeth helps prevent ____ (tooth decay).', 'fill_blank', 'cavities', '', 'subj-pe', '[]'::jsonb),
  ('List the three food groups in the "Go, Grow, Glow" guide.', 'enumeration', 'go, grow, glow', '', 'subj-pe', '[]'::jsonb),
  ('Name the five senses of the body.', 'enumeration', 'sight, hearing, smell, taste, touch', '', 'subj-pe', '[]'::jsonb),
  ('Which of these is a primary color?', 'multiple_choice', 'Blue', '', 'subj-arts', '["Green", "Orange", "Blue", "Purple"]'::jsonb),
  ('Who painted the Mona Lisa?', 'multiple_choice', 'Leonardo da Vinci', '', 'subj-arts', '["Vincent van Gogh", "Pablo Picasso", "Leonardo da Vinci", "Michelangelo"]'::jsonb),
  ('Mixing blue and yellow produces which color?', 'multiple_choice', 'Green', '', 'subj-arts', '["Purple", "Green", "Orange", "Brown"]'::jsonb),
  ('Red, yellow, and blue are the primary colors.', 'true_false', 'True', '', 'subj-arts', '[]'::jsonb),
  ('A sculpture is a two-dimensional artwork.', 'true_false', 'False', 'Sculpture is three-dimensional.', 'subj-arts', '[]'::jsonb),
  ('Melody is one of the elements of music.', 'true_false', 'True', '', 'subj-arts', '[]'::jsonb),
  ('The three primary colors are red, yellow, and ____.', 'fill_blank', 'blue', '', 'subj-arts', '[]'::jsonb),
  ('An artwork made of small pieces of colored glass or tile is called a ____.', 'fill_blank', 'mosaic', '', 'subj-arts', '[]'::jsonb),
  ('List the three primary colors.', 'enumeration', 'red, yellow, blue', '', 'subj-arts', '[]'::jsonb),
  ('Name the three secondary colors.', 'enumeration', 'green, orange, violet', '', 'subj-arts', '[]'::jsonb);
